f_name,l_name,p_id
Andrej,Martin,3880
Danilo,Petrovic,3184252
Sameer,Kumar,386446
Jorge,Delgado,3054914
Jakub,Kroslak,4311118
Yasuteru,Ishii,67275
Martin,Damm,3495981
Jose Oscar,Diaz,
Jakub,Novak,3094363
Alfonso,Costa,853668
Toby,Martin,4708
Alexandros,Voinea,103635
Jose,Alonso,3097776
Gabriel,Blanco,1724728
Felipe,Mantilla,957402
Alexandru,Pavel,304355
Pedro,Gonzalez,3288520
Casper,Ruud,95161
Ki Sung,Kim,3305503
Simon,Navarro,70778
Fabian,Gonzalez,4152729
Man Hyo,Lee,
Alejandro,Garcia,4523720
Diego,Sanchez,4196666
Flavio,Costa,59791
A Ram,Kim,169710
Toshiya,Suzuki,
James,Palmer,3446678
Adam,Jones,3878173
Andres,Hernandez,2434801
Yo Sub,Yoon,71622
Miguel Angel,Lopez,4445575
Martin,Joyce,551678
Yilun,Wang,4311490
Joseph,Thomas,4976063
Jarisson Aquino,Silva,
Emiliano,Massa,
Lucas,Marin,2149810
Jacob,Johansson,1338643
Blu,Baker,2833512
Vaclav,Kucera,
Ervin,Eleskovic,3650
Alex,Beck,309650
Novak,Djokovic,3568338
Germain,Simon,1429738
Pengfei,Sun,
Daniel,Sela,373832
Andy,Murray,3962
Yang,Lu,1309642
Aljoscha,Thron,115504
Alex,Clayton,5118
Philip,Bester,1607480
Donald,Young,3745373
Tian Hao,Chen,
Gianluca,Naso,3645
Fabio,Fognini,3570
Takahiro,Ittogi,4995
Juan Carlos Manuel,Aguilar,
Marin,Cilic,3871
Evgeny,Korolev,3885
Alex,Kuznetsov,3624507
Tonci,Peric,
Jeremy,Chardy,3475
Robin,Haase,2516689
Ahmad Asjad,Qureshi,3513145
Mischa,Zverev,3486
Igor,Sijsling,3121517
Thiemo,De Bakker,1607479
Stefan Emilio,Gonzalez,
Sam,Querrey,3687
Ryan,Sweeting,3689
Peter,Polansky,2623636
Alexandr,Dolgopolov,3572
Ernests,Gulbis,2224690
Jesse,Levine,3992
Pedro,Sousa,3855
Daniel,Brands,1993603
Matthias,Bachinger,3619
Jonathan,Eysseric,2658445
Santiago,Giraldo,3589
Kei,Nishikori,3691
Lukas,Lacko,3723
Marc,Fischer,4909735
Matheus,Gonzalez,2689208
Pere,Riba,4207
Martin,Klizan,4271657
Nick,Lindahl,374249
Navinder Pal,Singh,
Andrey,Golubev,1414125
Clint,Bowles,5066247
Thomaz,Bellucci,3586
Tim,Smyczek,3711
Franko,Skugor,263508
Blaz,Kavcic,2594847
Gastao,Elias,3946
Ryan,Harrison,366118
Mikhail,Kukushkin,3878
Alexandre,Sidorenko,3889
Thomas,Fabbiano,3644
Ricardas,Berankis,2516571
Grigor,Dimitrov,3469
James,Ward,442234
Sam,Groth,4304653
Chris,Eaton,3548497
Tim,Goransson,207036
Leonardo,Mayer,3702
Luka,Belic,
Uladzimir,Ignatik,3094440
Carsten,Ball,2242489
Austin,Krajicek,2320019
Adrian,Mannarino,3701
Yuya,Ito,4307962
Tatsuma,Ito,4768285
Karlis,Lejnieks,3668
Bernard,Tomic,3724
Jose Rubin,Statham,
Brydan,Klein,2104153
Nikola,Mektic,3660
Daniel,Silva,2548264
Jerzy,Janowicz,3601
Guillaume,Rufin,4549
Corbin,Fleming,4268254
Devin,Britton,3740
Bruno,Agostinelli,
Marsel,Ilhan,3120195
Illya,Marchenko,1398938
Stanislav,Vovk,1320037
John,Millman,4064566
Matthew,Ebden,3712
Luke,Sorensen,378863
James,Lemke,3543067
Antonio,Veic,3493
Deo Ray,Brown,71077
Cristobal,Saavedra Corvalan,
Joao,Souza,2122643
Ruben,Bemelmans,3605
Petar,Jelenic,
Yannick,Mertens,3887
Filip,Krajinovic,4686
Reda,El Amrani,3492
Evgeny,Donskoy,3503
Peter,Gojowczyk,3608
Gianni,Mina,3759
Denis,Kudla,4193
Yann,Marti,3770838
Agustin,Velotti,2904442
Steve,Johnson,1194009
Gerald,Melzer,3110992
Milos,Raonic,3832
Benoit,Paire,3499
Jack,Sock,3721
Marius,Copil,5022413
Yan,Bai,4733
Yuichi,Sugita,4073
David,Goffin,4372
Sergei,Bubka,3470
Michael,Venus,3770
Nicolaas,Scholtz,206745
Felipe,Rios,514298
Dusan,Lajovic,224142
Guilherme,Clezar,1398936
Thomas,Schoorel,3865
Albert,Ramos,206806
Joao,Sousa,3498
Maxime,Teixeira,3891
Javier,Marti,3484910
Oliver,Golding,3742
Daniel,Cox,4062
Kenny,De Schepper,5069
Johnny,Wang,4330968
Christian,Lindell,2645269
Guillermo,Olaso,1939801
Pavol,Cervenak,3969
Robin,Kern,3777
Daniel,Kosakowski,4682
Dominic,Thiem,4515
Vasek,Pospisil,4006246
Alessandro,Giannessi,4537
Marcel,Rodrigues,1390415
Di,Wu,4538337
Zheng,Li,4390451
Ze,Zhang,3492124
Jurgen,Zopp,3623
James,Duckworth,3516572
Vishnu,Vardhan,1887601
Yuki,Bhambri,3741
Dino,Marcan,2722292
Dennis,Lajola,4239
Dimitar,Kutrovsky,5012190
Facundo,Bagnis,3790
Albano,Olivetti,4024
Marko,Djokovic,4363
Rhyne,Williams,4913285
Federico,Delbonis,253195
Attila,Balazs,3806
Robert,Farah,3684
Aljaz,Bedene,4043317
Marco,Trungelliti,3745
Sandro,Ehrat,4181
Bradley,Klahn,3994
Dennis,Novikov,1157738
Sergey,Betov,217514
Nikolai,Fidirko,4157
Peerakiat,Siriluethaiwattana,
Sanam,Singh,2069249
Patrik,Rosenholm,4072356
Henri,Laaksonen,28097
Benjamin,Mitchell,2657346
Mohamed,Safwat,4214108
Luke,Saville,2629876
Guido,Pella,4417
Lucas,Pouille,49953
Matteo,Viola,4225868
Filip,Veger,46570
Cesar,Ramirez,1860842
Diego,Schwartzman,235621
Gerard,Granollers,1394183
Roberto,Carballes Baena,218159
Kevin,Krawietz,3656
Mirza,Basic,2670345
Daniel,Evans,4031
Kyle,Edmund,51297
Elias,Ymer,54846
Ante,Pavic,2045519
Nicolas,Barrientos,1554636
Eduardo,Struvay,2647767
Emilio,Gomez,4487
Kevin,King,4598004
Christian,Harrison,4331
Borna,Coric,52341
Aldin,Setkic,4542240
Dennis,Novak,51289
Filip,Peliwo,5004524
Romain,Bogaerts,253199
Marton,Fucsovics,3775528
Jiri,Vesely,3901
Aslan,Karatsev,51314
Mikhail,Biryukov,4736
Laslo,Djere,52337
Karen,Khachanov,54351
Nils,Langer,3816
Aleksandr,Nedovyesov,4805133
Thanasi,Kokkinakis,28081
Nick,Kyrgios,51296
Damir,Dzumhur,3654
Alejandro,Gonzalez,4198515
Taro,Daniel,1984892
Gonzalo,Lama,4924059
Tigre,Hank,3096619
Hicham,Khaddari,3510
Facundo,Arguello,3801
Radu,Albot,3761
Stefano,Travaglia,4047
Marco,Cecchinato,3927
Nikola,Milojevic,4798365
Mate,Delic,49899
Jason,Kubler,4726
Axel,Michon,3532
Mate,Pavic,3677
Blaz,Rola,3895533
Kimmer,Coppejans,42681
Daniel,Smethurst,3764
Tim,Puetz,5030334
Markus,Eriksson,4231702
Renzo,Olivo,3791
Clay,Thompson,6512
Alexander,Zverev,52294
Steven,Diez,3158155
Frances,Tiafoe,224678
Brayden,Schnur,3867893
Chase,Buchanan,4871
James,Mcgee,1361362
Noah,Rubin,1607952
Jared,Donaldson,34037
Kento,Takeuchi,4125
Xin,Gao,57541
Bowen,Ouyang,3551
Egor,Gerasimov,4690
Chuhan,Wang,4133
Victor,Baluda,3600
Norbert,Gombos,3766
Ramkumar,Ramanathan,2616345
Nikoloz,Basilashvili,224134
Jordan,Thompson,2611704
Laurent,Lokoli,42672
Hiroki,Moriya,3558
Nicolas,Jarry,2601750
Toni,Androic,3811
Stefan,Kozlov,206329
Andrey,Rublev,53840
Andres,Molteni,3955
Guido,Andreozzi,4828559
Hong,Chung,2103919
Arthur,De Greef,3153927
Jaume,Munar,240231
Cem,Ilkel,51794
Bastian,Trinker,4257
Matteo,Donati,3816154
Federico,Gaio,4622
Andrea,Arnaboldi,3533
Maxime,Hamou,54113
Yoshihito,Nishioka,204410
Germain,Gigounon,4484
Liam,Broady,4021
Marcelo,Demoliner,4085
Alexander,Sarkissian,
Calvin,Hemery,2602171
Darian,King,3054732
Bjorn,Fratangelo,3713
Ryan,Shane,4542225
Yaraslav,Shyla,1939923
Yasutaka,Uchiyama,4464
Ze,Zhang,3492124
Mikael,Ymer,218163
Maximilian,Marterer,53149
Lucas,Miedler,54130
Jozef,Kovalik,3758
Quentin,Halys,1374418
Omar,Jasika,5069890
Gonzalo,Escobar,411593
Alexandar,Lazov,
Taylor,Fritz,60157
Tommy,Paul,50772
Thiago,Monteiro,2108184
Reilly,Opelka,196974
Pablo,Carreno Busta,217512
Roberto,Bautista Agut,3697417
Pedro,Cachin,50454
Salvatore,Caruso,46561
Cristian,Garin,53255
Daniil,Medvedev,3554581
Adam,Pavlasek,3118944
Gregoire,Barrere,4232884
Mathias,Bourgue,3884
Ernesto,Escobedo,27182
Alexander,Ward,627341
Tristan,Lamasine,4802
Matthew,Barton,3424306
Marcus,Willis,3898
Isak,Arvidsson,28723
Fred,Simonsson,3725687
Nicolas,Kicker,4441
Antoine,Bellier,115506
Michael,Linzer,3768
Denis,Shapovalov,83218
Christopher,Eubanks,2650889
Tim,Van Rijthoven,64324
Mackenzie,Mcdonald,151401
Saketh,Myneni,5225
Michael,Mmoh,1570645
Jan,Satral,4278343
Andrew,Whittington,4494814
Yannick,Maden,7479
Alexander,Bublik,55908
Alex,De Minaur,4315334
Marko,Tepavac,4709625
Tallon,Griekspoor,64318
Stefanos,Tsitsipas,94283
Akira,Santillan,4257433
Amine,Ahouda,3018298
Gianluigi,Quinzi,49869
Joao,Domingues,49930
Daniel,Masur,2622315
Yannick,Hanfmann,4225
Daniel,Altmaier,5003897
Roberto,Marcora,3755280
Tennys,Sandgren,4984084
Stefano,Napolitano,4227904
Jason,Jung,3937515
Cameron,Norrie,198546
Lloyd,Harris,203816
Sebastian,Ofner,65365
Mitchell,Krueger,1399808
Marc,Polmans,2095984
Miljan,Zekic,4654
Lorenzo,Giustino,3862
Gleb,Sakharov,3666
Manuel,Sanchez,1926532
Evan,King,2536184
Sekou,Bangoura,4723724
Alex,Bolt,4200056
Dominik,Koepfer,81226
Jc,Aragone,806774
Patrick,Kypson,76845
Vaclav,Safranek,3227871
Yifan,Wu,5013946
Nicola,Kuhn,166504
Matteo,Berrettini,52886
Sumit,Nagal,2170539
Ricardo,Ojeda Lara,34191
Liam,Caruana,1906139
Alexei,Popyrin,95506
Aleksandar,Vukic,4828579
Carlos,Taberner,57433
Roberto,Quiroz,671172
Corentin,Moutet,93116
Dimitar,Kuzmanov,5013704
Adrian,Andreev,2129590
Sebastian,Korda,96338
Hugo,Gaston,167878
Ilya,Ivashka,55282
Lucas,Gomez,4034409
Miomir,Kecmanovic,142094
Alexey,Vatutin,2792819
Lorenzo,Sonego,66480
Zsombor,Piros,173321
Filippo,Baldi,51701
Bernabe,Zapata Miralles,75587
Federico,Coria,4221
Filip,Horansky,4366298
Maxime,Janvier,54171
Hubert,Hurkacz,73237
Max,Purcell,4307805
Rudolf,Molleker,177312
Jaime,Clarke,69913
Zdenek,Kolar,87175
Nino,Serdarusic,2643224
Prajnesh,Gunneswaran,76531
Oriol,Roca Batalla,28096
Viktor,Galovic,256513
Takanyi,Garanganga,1983321
Marcos,Giron,3875691
Yusuke,Watanuki,
Ugo,Humbert,77968
Jenson,Brooksby,2631909
Evgeny,Karlovskiy,4828598
Oscar,Otte,49954
Antoine,Hoang,4164368
Hugo,Dellien,4584
Constant,Lestienne,70414
Gerardo,Lopez Villasenor,3102027
Pedro,Sakamoto,3446420
Pedro,Martinez,5003860
Pedja,Krstin,4213218
Lucas,Catarina,83953
Jannik,Sinner,247320
Alejandro,Davidovich Fokina,176778
Alexandre,Muller,67499
Elliot,Benchetrit,4182293
Jurij,Rodionov,93398
Jc,Aragone,806774
Altug,Celikbilek,3603195
Kamil,Majchrzak,55849
Mikael,Torpegaard,53292
Raymond,Sarmiento,1625971
Julian,Lenz,2473633
Alibek,Kachmazov,2826548
Gianluca,Mager,70784
Andrew,Harris,790628
Emil,Ruusuvuori,141998
Enzo,Couacaud,51322
Brandon,Nakashima,405461
Thiago,Seyboth Wild,4211317
Carlos,Alcaraz,3569175
Lorenzo,Musetti,1394186
Alejandro,Tabilo,2525708
Maxime,Cressy,308451
Ulises,Blanch,4454061
Arthur,Rinderknech,56735
Harold,Mayot,274912
Daniel Elahi,Galan,205461
Giulio,Zeppieri,273160
Andrea,Pellegrino,58915
Roman,Safiullin,60156
Zizou,Bergs,182461
Vitaliy,Sachko,87903
Benjamin,Bonzi,52848
Jonas,Forejtek,3709350
Kacper,Zuk,207527
Alex,Molcan,57251
Michael,Vrbensky,2516692
Dane,Sweeny,1712668
Mario,Vilella Martinez,70402
Thomas,Fancutt,
Botic,Van De Zandschulp,59419
Blake,Mott,3324011
Frederico,Ferreira Silva,28298
Tomas Martin,Etcheverry,191111
Francisco,Cerundolo,286985
Mariano,Barrios,3239106
Soutatsu,Mochizuki,91995
Sebastian,Baez,238427
Holger,Rune,2004640
Eduardo,Nava,4893500
Nuno,Borges,1000132
Mats,Moraing,74716
Arthur,Cazaux,271079
Dominic,Stricker,2138631
Jack,Draper,439496
Alastair,Gray,169607
Lukas,Klein,90634
Johan,Nikles,2645267
Leandro,Riedi,274974
Vit,Kopriva,2663070
Nicolas,Mejia,3170769
Duje,Ajdukovic,246967
Alexander,Erler,57216
Sam,Riffice,2391589
Zachary,Svajda,
Timofey,Skatov,5004526
August,Holmgren,2542350
Borna,Gojo,91084
Evgenii,Tiurnev,64675
Andrea,Vavassori,4211023
Viktor,Durasovic,2645271
Rinky,Hijikata,1609719
Jiri,Lehecka,273063
Tomas,Machac,182561
Hugo,Grenier,95375
Juncheng,Shang,1228851
Gijs,Brouwer,74171
Pavel,Kotov,84505
Manuel,Guinard,86388
Hamad,Medjedovic,261285
Carlos,Gimeno Valero,4106497
Francesco,Passaro,273170
Matteo,Arnaldi,276601
Camilo,Ugo Carabelli,4264946
Santiago Fa,Rodriguez Taverna,
Franco,Agamenone,45574
Paul,Jubb,219042
Ryan,Peniston,64428
Alexander,Ritschard,4190
Luca,Nardi,274831
Filip,Misolic,2559142
Hernan,Casanova,4948300
Nick,Chappell,9696
Gonzalo,Villanueva,2657197
Ben,Shelton,4681258
Learner,Tien,2245344
Brandon,Holt,3120209
Evan,Furness,1609240
Facundo,Mena,4391
Andrej,Kovacevic,2591154
Kaichi,Uchida,51259
Geoffrey,Blancaneaux,83713
Alexandar,Lazarov,2969200
Yshai,Oliel,167899
Alexander,Shevchenko,4205169
Sho,Shimabukuro,4917422
Francesco,Maestrelli,276628
Flavio,Cobolli,274922
Jesper,De Jong,2729795
Luca,Van Assche,279446
Michael,Geerts,53028
Sasi Kumar,Mukund,
Dalibor,Svrcina,2662227
Oleksii,Krutykh,233888
Yu Hsiou,Hsu,1394239
Luciano,Darderi,802583
Alex,Rybakov,41750
Arthur,Fils,281770
Clement,Chidekh,2568361
Matija,Pecotic,4279121
Abedallah,Shelbayh,1863322
Joao,Fonseca,3745319
Miguel,Alves,3133577
Rodrigo,Pacheco Mendez,2554689
Jacopo,Berrettini,171018
Riccardo,Bonadio,52921
Felipe,Meligeni Alves,
Henrique,Rocha,4615387
Younes,Lalami Laaroussi,
Valentin,Vacherot,167756
Ivan,Gakhov,4017606
Daniel,Rincon,1861241
Marvin,Rehberg,82500
Fabian,Marozsan,4200843
Alvaro,Lopez San Martin,2648561
Facundo,Diaz Acosta,2861705
Genaro Alberto,Olivieri,191106
Li,Tu,4481976
George,Loffhagen,235413
Jan,Choinski,56114
Leo,Borg,274823
Otto,Virtanen,2600323
Alex,Michelsen,168170
Ethan,Quinn,3613925
Gabriel,Diallo,215644
Yunseong,Chung,3133874
Dino,Prizmic,278798
Martin,Landaluce,4207422
Skander,Mansouri,2893132
Kiranpal,Pannu,4665863
Strong,Kirchheimer,208113
Jakub,Mensik,4207419
Nicolas,Moreno De Alboran,3719639
Tao,Mu,3149749
Jie,Cui,94598
Philip,Sekulic,1889250
Ye Cong,Mo,
Rigele,Te,74561
Denis,Yevseyev,2544742
Beibit,Zhukayev,142746
Terence,Atmane,2441576
Mark,Lajal,139861
Karl,Friberg,125028
Benjamin,Hassan,4213349
Matteo,Martineau,2661143
Mate,Valkusz,83696
Billy,Harris,2774814
Adam,Walton,3086941
Antoine,Escoffier,2710300
Pablo,Llamas Ruiz,278784
Mariano,Navone,319597
Roman Andres,Burruchaga,297958
Adam,Neff,1970448
Francisco,Comesana,281050
Seong Chan,Hong,4167582
Dali,Blanch,2709013
David,Jorda Sanchis,2648207
Alejandro,Moro Canas,2043086
Marko,Topo,280120
Matteo,Gigante,572784
Nikolas,Sanchez Izquierdo,5067936
Henri,Squire,4286367
Gustavo,Heide,2849252
Tristan,Schoolkate,249413
Jacob,Fearnley,4447327
James,Mccabe,1743600
Giles,Hussey,4363456
Charles,Broom,2610373
Arthur,Fery,274896
Mattia,Bellucci,273161
Henry,Searle,3992212
Jaime,Faria,5069891
Titouan,Droguet,4420041
Nick,Hardt,135645
Chun Hun,Wong,3052269
Andrea,Collarini,3799
Lukas,Neumayer,275443
Mladen,Dodig,
Eliot,Spizzirri,85804
Yi,Zhou,773327
Facundo,Gomez,2706667
Justin,Engel,861194
Alexander,Blockx,5071123
Jerome,Kym,275868
Joel,Schwaerzler,3839769
Branko,Djuric,4556725
Mauricio,Garcia,4969010
Yao Zhong,Zhang,4606008
Logan,Smith,944397
Marco,Navarra,273159
Mina,Albert,53182
Reuben,Henry,149467
Jean,Andersen,4760
Evgeny,Kirillov,3750
Daniel,Luque,4919815
Robin,Roshardt,4900
Grzegorz,Panfil,3754
Julian,Guzman,4379926
Dan,Martin,5010225
Greg,Jones,5029772
Benjamin,Rodriguez,4104249
Arsenije,Zlatanovic,4287
Kittipong,Wachiramanowong,737672
Henri,Kontinen,4007
Karim Mohamed,Maamoun,1398939
Ivan,Sergeyev,3805
Alexander,Sadecky,3649
Dusan,Lojda,4119672
Ilya,Belyaev,3508
Fernando,Romboli,2646981
Laurynas,Grigelis,3632
Peter,Torebko,4246572
Kristijan,Mesaros,3662
Blake,Strode,3833
Nicolas,Meister,1091601
Maxime,Authom,4030
Andrei,Vasilevski,4168812
Philip,Davydenko,217511
Niels,Desein,4479202
Edward,Corrie,1607481
Matt,Reid,237710
Wishaya,Trongcharoenchaikul,50992
Milos,Sekulic,4275
Jeevan,Nedunchezhiyan,2776320
Karim,Hossam,4649
Andres,Artunedo Martinavarro,1945659
Patrick,Ciorcila,55061
Martin,Vaisse,69040
Nathan,Pasha,4086797
Fabiano,De Paula,3034241
Eric,Quigley,1740777
David,Vega Hernandez,54348
Antoni,Gomez,3913116
Matteo,Trevisan,3895
Takuto,Niki,3394569
Oliver,Anderson,67622
Finn,Tearney,5750
Luis,Patino,3597825
Carl,Soderlund,1880754
Nikola,Cacic,4276
Joris,De Loore,42682
Anil,Yuksel,3771
Orlando,Luz,2086499
Riccardo,Bellotti,4516
Alexios,Halebian,1609465
Edan,Leshem,2882443
Alessandro,Bega,2645266
Petros,Chrysochos,4228867
Yusuke,Takahashi,51790
Arjun,Kadhe,51245
Alexander,Donski,2546929
Emil,Reinberg,3702042
Marcelo,Arevalo,2537714
Collin,Altamirano,27273
Andrea,Basso,51653
Ergi,Kirkin,98989
Gian Marco,Moroni,4585701
Joao,Monteiro,1500595
Rayane,Roumane,3509719
Artem,Dubrivnyy,4948873
Alen,Avidzba,182464
Dmitry,Popko,3870567
Harry,Bourchier,2646684
Joao,Menezes,2087254
Petros,Tsitsipas,3677870
Raul,Brancaccio,137424
Trent,Bryde,76957
Nicolas,Alvarez Varona,412654
William,Blumberg,1712358
Daniel,Dutra Da Silva,2548264
Mili,Poljicak,278830
Alexis,Galarneau,3900654
Michail,Pervolarakis,2970745
Dragos Nicolae,Madaras,2631368
Rio,Noguchi,87295
Yuta,Shimizu,125079
Gilles Arnaud,Bailly,301306
Adam,Moundir,1607970
Louis,Wessels,4373182
Omni,Kumar,85362
Benjamin,Lock,51315
Ugo,Blanchet,167843
Aziz,Dougaz,2733446
Javier,Barranco Cosano,4268511
Sebastian,Fanselow,5066407
Luka,Mikrut,278836
Maks,Kasnikowski,274835
Kyrian,Jacquet,273221
Fajing,Sun,56797
Raphael,Collignon,5004527
Theo,Papamalamis,4207438
